<?xml version="1.0" encoding="iso-8859-1" ?>
   <Release Product="SUN2000ME" Version="V500R023C00SPC158" PatchVersion="" ReleaseType="WHOLE_VERSION" EquipChrtCode="4116">
   <File>
        <TypeName>Master DSP</TypeName>
        <TypeCode>0xB0</TypeCode>
        <EquipmentType>33539</EquipmentType>
        <Manufacturer>00</Manufacturer>
        <FilePath>SUN2000_Master_Release.bin</FilePath>
        <SoftwareVersion>V500R023C00B189</SoftwareVersion>
        <CRCValue>38267</CRCValue>
        <FileLength>378260</FileLength>
        <TypeDescription>DSP Software</TypeDescription>
   </File>
   <File>
        <TypeName>CPLD</TypeName>
        <TypeCode>0xD1</TypeCode>
        <EquipmentType>33539</EquipmentType>
        <Manufacturer>00</Manufacturer>
        <FilePath>SUN2000_CPLD_Anlogic.bin</FilePath>
        <SoftwareVersion>V500R023C00B047</SoftwareVersion>
        <CRCValue>53737</CRCValue>
        <FileLength>162139</FileLength>
        <TypeDescription>CPLD Software</TypeDescription>
   </File>
   <File>
        <TypeName>Slave DSP</TypeName>
        <TypeCode>0xB1</TypeCode>
        <EquipmentType>33539</EquipmentType>
        <Manufacturer>00</Manufacturer>
        <FilePath>SUN2000_Slave_Release.bin</FilePath>
        <SoftwareVersion>V500R023C00B189</SoftwareVersion>
        <CRCValue>22520</CRCValue>
        <FileLength>288760</FileLength>
        <TypeDescription>Slave DSP Software</TypeDescription>
   </File>
   <File>
        <TypeName>Afci DSP</TypeName>
        <TypeCode>0xD0</TypeCode>
        <EquipmentType>33539</EquipmentType>
        <Manufacturer>00</Manufacturer>
        <FilePath>SUN2000_Flt_Release.bin</FilePath>
        <SoftwareVersion>V500R023C00B189</SoftwareVersion>
        <CRCValue>24533</CRCValue>
        <FileLength>128640</FileLength>
        <TypeDescription>Afci DSP Software</TypeDescription>
   </File>
   <File>
        <TypeName>Afci M4 DSP</TypeName>
        <TypeCode>0xD7</TypeCode>
        <EquipmentType>33539</EquipmentType>
        <Manufacturer>00</Manufacturer>
        <FilePath>SUN2000_Flt_M4_Release.bin</FilePath>
        <SoftwareVersion>V500R023C00B189</SoftwareVersion>
        <CRCValue>1673</CRCValue>
        <FileLength>156348</FileLength>
        <TypeDescription>Afci M4 DSP Software</TypeDescription>
   </File>
   <File>
        <TypeName>Monitor</TypeName>
        <TypeCode>0xB4</TypeCode>
        <EquipmentType>33551</EquipmentType>
        <Manufacturer>00</Manufacturer>
        <FilePath>INV_V5_Moni.bin</FilePath>
        <SoftwareVersion>V500R023C00B189</SoftwareVersion>
        <CRCValue>46906</CRCValue>
        <FileLength>1407901</FileLength>
        <TypeDescription>Monitor Software</TypeDescription>
   </File>
   <File>
        <TypeName>Monitor_ST</TypeName>
        <TypeCode>0xB4</TypeCode>
        <EquipmentType>33538</EquipmentType>
        <Manufacturer>00</Manufacturer>
        <FilePath>INV_V5R1_ST_Moni.bin</FilePath>
        <SoftwareVersion>V500R023C00B189</SoftwareVersion>
        <CRCValue>44505</CRCValue>
        <FileLength>1625417</FileLength>
        <TypeDescription>Monitor Software</TypeDescription>
   </File>
   <File>
        <TypeName>Monitor_HC</TypeName>
        <TypeCode>0xB4</TypeCode>
        <EquipmentType>33546</EquipmentType>
        <Manufacturer>00</Manufacturer>
        <FilePath>INV_V5R1_HC_Moni.bin</FilePath>
        <SoftwareVersion>V500R023C00B189</SoftwareVersion>
        <CRCValue>61670</CRCValue>
        <FileLength>1625417</FileLength>
        <TypeDescription>Monitor Software</TypeDescription>
   </File>
</Release>